"ticker","index","ticker-2","snp_growth_rate","stock_growth_rate","current_price","market_correlation","correlation_with_snp","outperform","five_yr_r2","delta"
"ABSSF","0","ABSSF","-12.982895486954737","34.72409152086138","10.01","0","0.2566927871344437","1","0.6845354879246597","47.70698700781612"
"ABT","0","ABT","-12.982895486954737","4.222247999072026","89.85","1","0.6018625290768145","1","0.8859573596212023","17.205143486026763"
"ACMR","0","ACMR","-12.982895486954737","43.987086359967705","35.68","1","0.6702120541946005","1","0.5754411028918268","56.969981846922444"
"ACOPF","0","ACOPF","-12.982895486954737","21.243523316062163","11.7","0","0.1261598652315754","1","0.891727729926038","34.2264188030169"
"ADBE","0","ADBE","-12.982895486954737","1.766951786189952","343.84","1","0.8964007277863841","1","0.9468057316483709","14.749847273144688"
"ADPT","0","ADPT","-12.982895486954737","1.7672557519173182","30.52","1","0.7176866437172607","1","0.5043279310291938","14.750151238872055"
"ADTTF","0","ADTTF","-12.982895486954737","79.43925233644859","48","0","-0.29600160779114426","1","0.71913651685925","92.42214782340332"
"ADYEY","0","ADYEY","-12.982895486954737","15.811707905853956","19.19","1","0.6878596799256773","1","0.546978173099004","28.794603392808693"
"ADYYF","0","ADYYF","-12.982895486954737","18.990384615384627","990","1","0.6196182110199774","1","0.5516458595836442","31.973280102339366"
"AFNL","0","AFNL","-12.982895486954737","19.04580516141319","125.01","0","-0.4885372773836395","1","0.5603688965416573","32.02870064836792"
"AGAAF","0","AGAAF","-12.982895486954737","73.5625757152176","22.35","1","0.9010128621737767","1","0.7829569425928223","86.54547120217234"
"AGBA","0","AGBA","-12.982895486954737","0.8910891089108919","10.19","0","0.22425093472670907","1","0.6561576918557206","13.873984595865629"
"AHCHY","0","AHCHY","-12.982895486954737","1.089918256130784","37.1","0","0.26863276108088646","1","0.8636879275294979","14.072813743085522"
"AJINY","0","AJINY","-12.982895486954737","5.791044776119403","17.72","0","0.025511851330259974","1","0.7018542054804505","18.773940263074138"
"AKABY","0","AKABY","-12.982895486954737","60.41401273885349","50.37","1","0.8769613135342443","1","0.7265418118241215","73.39690822580823"
"AKAM","0","AKAM","-12.982895486954737","4.879649890590798","95.86","0","0.36001836684675637","1","0.5403296531049017","17.862545377545537"
"ALAC","0","ALAC","-12.982895486954737","2.4131274131274028","10.61","0","0.007339176440755924","1","0.9709945752504098","15.39602290008214"
"ALGR","0","ALGR","-12.982895486954737","1.564027370478982","10.39","0","-0.07533003696457975","1","0.86292615189212","14.546922857433719"
"ALLT","0","ALLT","-12.982895486954737","16.901408450704203","10.79","1","0.6800069277533826","1","0.6321674179495277","29.88430393765894"
"ALSRF","0","ALSRF","-12.982895486954737","11.307420494699638","15.75","1","0.7983825200310004","1","0.6848313449103142","24.290315981654373"
"AMD","0","AMD","-12.982895486954737","4.2860129625758026","49.88","1","0.5433186895452794","1","0.8392322658391681","17.26890844953054"
"AMED","0","AMED","-12.982895486954737","6.983646627480655","183.83","0","0.41588277203461727","1","0.8288603462740114","19.96654211443539"
"AMFPF","0","AMFPF","-12.982895486954737","125.41382667964945","23.15","1","0.7692788188792887","1","0.608711220733034","138.39672216660418"
"AMSWA","0","AMSWA","-12.982895486954737","5.503978779840857","15.91","1","0.6319054247209467","1","0.6297546105162607","18.486874266795596"
"AMT","0","AMT","-12.982895486954737","3.8028543568832562","234.2","1","0.5890126268574354","1","0.8933468384044766","16.785749843837994"
"AMZN","0","AMZN","-12.982895486954737","20.828554363969822","2286.04","0","0.08679305296384889","1","0.9126536516329221","33.81144985092456"
"ANET","0","ANET","-12.982895486954737","0.318871388539943","207.64","1","0.8191554648556875","1","0.6769657586786332","13.30176687549468"
"APLT","0","APLT","-12.982895486954737","4.121660034110297","36.63","1","0.871425922240188","1","0.6806976823451492","17.104555521065034"
"APPN","0","APPN","-12.982895486954737","5.33532784841686","42.25","1","0.8952084040987002","1","0.6642658051214078","18.3182233353716"
"ARCE","0","ARCE","-12.982895486954737","7.5195933065028475","50.76","1","0.8306115400696635","1","0.7711021172692603","20.502488793457584"
"ARGNF","0","ARGNF","-12.982895486954737","647.8761904761905","149.2013","1","0.7024571547215913","1","0.8199002541004485","660.8590859631452"
"ARNA","0","ARNA","-12.982895486954737","3.6415176624509327","47.53","1","0.6458806678915038","1","0.8457802041219196","16.62441314940567"
"ARVN","0","ARVN","-12.982895486954737","15.587638168283346","51.24","1","0.7654587224307625","1","0.7332372092947596","28.570533655238084"
"ARYA","0","ARYA","-12.982895486954737","1.7038950226586858","10.75","1","0.8209480366094271","1","0.8077753920740275","14.686790509613424"
"ASGTF","0","ASGTF","-12.982895486954737","5.342327150084336","31.234","0","0.27990047860014156","1","0.5424477460802352","18.325222637039072"
"ATCN","0","ATCN","-12.982895486954737","22.32415902140672","12","0","-0.18388765478831595","1","0.878228522856173","35.30705450836146"
"ATEX","0","ATEX","-12.982895486954737","12.053959965187122","51.5","1","0.6106901096371727","1","0.5516518914636526","25.036855452141857"
"ATRC","0","ATRC","-12.982895486954737","33.37415799142684","43.56","1","0.7156628138596824","1","0.5893298604442333","46.35705347838158"
"AUCOY","0","AUCOY","-12.982895486954737","28.81464824927724","20.05","0","0.07214173576638128","1","0.6759936579283616","41.79754373623198"
"AUDC","0","AUDC","-12.982895486954737","22.811150372987843","31.28","0","0.4306690967289674","1","0.8037771221661839","35.79404585994258"
"AUDVF","0","AUDVF","-12.982895486954737","21.496253856324365","1102.7","0","-0.6815832737915047","1","0.5354871170932904","34.479149343279104"
"AVLR","0","AVLR","-12.982895486954737","7.401996591185789","88.22","1","0.8442299669541211","1","0.7322216715259167","20.384892078140524"
"AVNBF","0","AVNBF","-12.982895486954737","41.428571428571416","34.65","0","-0.08767126191032099","1","0.6287547796449973","54.411466915526155"
"AZN","0","AZN","-12.982895486954737","3.8238238238238242","51.86","1","0.774037567616982","1","0.7295086113277159","16.80671931077856"
"AZNCF","0","AZNCF","-12.982895486954737","5.065195586760285","104.75","1","0.7651004892288292","1","0.6882702277590091","18.04809107371502"
"BAND","0","BAND","-12.982895486954737","31.709477413640407","89.22","0","0.3556563658227214","1","0.7348183935762896","44.692372900595146"
"BAR","0","BAR","-12.982895486954737","9.073359073359066","16.95","0","-0.14212298784588884","1","0.7463604846807734","22.056254560313803"
"BAX","0","BAX","-12.982895486954737","1.2798339674852999","87.84","1","0.7932613290162701","1","0.9418936042423021","14.262729454440038"
"BCNAF","0","BCNAF","-12.982895486954737","6.068814055636884","144.89","1","0.8823380061290116","1","0.609411841895451","19.05170954259162"
"BCNAY","0","BCNAY","-12.982895486954737","7.870370370370372","23.3","1","0.9012942596465832","1","0.5961132424874346","20.85326585732511"
"BDUUY","0","BDUUY","-12.982895486954737","19.913599380085234","30.9497","1","0.7918704907495729","1","0.5058914687904383","32.89649486703997"
"BGS","0","BGS","-12.982895486954737","18.958207147183526","19.64","0","-0.4496221280072524","1","0.6627509000117494","31.94110263413826"
"BILI","0","BILI","-12.982895486954737","5.4530201342281925","25.14","0","0.13459123136277357","1","0.5276629554241733","18.43591562118293"
"BIO","0","BIO","-12.982895486954737","13.096204719872183","431.79","0","0.3133453452093205","1","0.9253600566614082","26.079100206826922"
"BIOQ","0","BIOQ","-12.982895486954737","62.25806451612903","75.45","0","-0.4852154271688012","1","0.6939999940137678","75.24096000308377"
"BITGF","0","BITGF","-12.982895486954737","56.50406504065042","11.55","1","0.8283220985197618","1","0.5779468740625331","69.48696052760515"
"BKI","0","BKI","-12.982895486954737","8.024786986831934","69.73","1","0.7657643818305448","1","0.8997148850041076","21.007682473786673"
"BL","0","BL","-12.982895486954737","8.37420526793824","59.66","1","0.8076393555286154","1","0.8263430288875762","21.357100754892976"
"BNTX","0","BNTX","-12.982895486954737","0.022172949002219333","45.11","0","-0.7048898038613586","1","0.6709634088460414","13.005068435956957"
"BOIRF","0","BOIRF","-12.982895486954737","3.9886039886039892","36.5","1","0.7691330844096461","1","0.619507667500833","16.971499475558726"
"BOLD","0","BOLD","-12.982895486954737","88.82241813602015","59.97","0","0.31537825712622236","1","0.5456928615787666","101.80531362297488"
"BPMUF","0","BPMUF","-12.982895486954737","1.6197183098591639","50.505","1","0.8405606599915532","1","0.6745933929644559","14.602613796813902"
"BRPA","0","BRPA","-12.982895486954737","11.267605633802802","11.85","0","0.043025391919340815","1","0.9090513292385216","24.25050112075754"
"BRRLY","0","BRRLY","-12.982895486954737","45.36741214057507","22.75","0","-0.24519640576667945","1","0.7616381461662258","58.35030762752981"
"BVHMF","0","BVHMF","-12.982895486954737","12.74005114954997","17.1481","0","-0.2981610488212651","1","0.5514153095978382","25.72294663650471"
"BVILY","0","BVILY","-12.982895486954737","3.4903047091412676","18.68","1","0.7477586082653638","1","0.7666743497658643","16.473200196096005"
"CABO","0","CABO","-12.982895486954737","20.098064516129032","1861.52","1","0.6337997613763411","1","0.822931670805556","33.08096000308377"
"CAG","0","CAG","-12.982895486954737","4.424223407593342","33.28","0","0.48787296406736613","1","0.6780958764446912","17.407118894548077"
"CASBF","0","CASBF","-12.982895486954737","186.66666666666666","21.5","1","0.8254598335134284","1","0.6876994726264364","199.6495621536214"
"CATS","0","CATS","-12.982895486954737","85.99195710455764","27.75","0","0.11172388244186203","1","0.8344327495543035","98.97485259151237"
"CBPX","0","CBPX","-12.982895486954737","32.67575322812053","36.99","0","-0.1000265290892591","1","0.5381986152566889","45.658648715075266"
"CCC","0","CCC","-12.982895486954737","32.33743409490333","22.59","0","0.16235065905052776","1","0.9168303625655104","45.32032958185807"
"CCH","0","CCH","-12.982895486954737","1.650485436893212","10.47","1","0.8423066851208858","1","0.6907083130957525","14.633380923847948"
"CCI","0","CCI","-12.982895486954737","12.162065256364297","156.41","0","0.44452479534184963","1","0.860551441444749","25.144960743319032"
"CCOI","0","CCOI","-12.982895486954737","18.630849220104007","82.14","0","-0.48873114308963855","1","0.8169055025652893","31.613744707058743"
"CDNA","0","CDNA","-12.982895486954737","35.70887035633057","26.85","1","0.6755725002056443","1","0.6400610281383516","48.69176584328531"
"CDNS","0","CDNS","-12.982895486954737","4.92529053680133","75.84","1","0.6570882153837968","1","0.9048505470953967","17.908186023756066"
"CFEIY","0","CFEIY","-12.982895486954737","59.42028985507246","22","0","-0.5304029581518603","1","0.808015584233808","72.4031853420272"
"CFFA","0","CFFA","-12.982895486954737","0.6815968841285436","10.34","1","0.7246338388318327","1","0.8702747647000866","13.66449237108328"
"CFIN","0","CFIN","-12.982895486954737","30.000000000000004","6500","0","-0.41479513947472946","1","0.8454391276234927","42.98289548695474"
"CGJTF","0","CGJTF","-12.982895486954737","10.375673981191236","88.0246","1","0.7437212079582772","1","0.9441664199126826","23.358569468145973"
"CGXYY","0","CGXYY","-12.982895486954737","1215.6756756756756","12.17","0","0.1829404368498657","1","0.6159219238551598","1228.6585711626303"
"CHGCF","0","CHGCF","-12.982895486954737","95.16003122560501","125","0","-0.538737459489031","1","0.738225198908273","108.14292671255974"
"CHGCY","0","CHGCY","-12.982895486954737","27.74860694384913","238.43","0","-0.30795503734279084","1","0.7847196160455957","40.731502430803864"
"CHGG","0","CHGG","-12.982895486954737","5.6359102244389","42.36","1","0.8543656138467292","1","0.8911841967988217","18.618805711393637"
"CHRYY","0","CHRYY","-12.982895486954737","2.2474625422909567","21.155","1","0.555620007673893","1","0.6764672460940016","15.230358029245693"
"CHTR","0","CHTR","-12.982895486954737","1.7712722407492443","509.64","1","0.900755213861014","1","0.7643410935482715","14.754167727703981"
"CIEN","0","CIEN","-12.982895486954737","9.602649006622531","46.34","0","0.4135401819513545","1","0.7588708590742002","22.585544493577267"
"CLCMF","0","CLCMF","-12.982895486954737","529.2256822780438","51","0","-0.23631662808129175","1","0.7312886586242223","542.2085777649985"
"CLEGF","0","CLEGF","-12.982895486954737","18.934911242603558","10.05","1","0.7067019819546478","1","0.7547524202473531","31.917806729558293"
"CLLNY","0","CLLNY","-12.982895486954737","109.11310008136698","25.7","0","-0.631605410768665","1","0.8740998730162094","122.09599556832171"
"CLNFF","0","CLNFF","-12.982895486954737","7.747960577313506","29.19","0","-0.17100840974261464","1","0.7924911955569364","20.730856064268245"
"CLNXF","0","CLNXF","-12.982895486954737","18.87005649717515","52.6","0","0.35926452878038156","1","0.8617066494934241","31.852951984129888"
"CLPBF","0","CLPBF","-12.982895486954737","30.815266022509903","159.35","0","-0.3179605100581922","1","0.8006527734845881","43.79816150946464"
"CLPBY","0","CLPBY","-12.982895486954737","29.30538429921907","15.73","0","-0.38610455459365983","1","0.7917316374755664","42.28827978617381"
"CLPHF","0","CLPHF","-12.982895486954737","2.7027027027026973","10.83","0","0.3147349876866369","1","0.5393934398535283","15.685598189657433"
"CLW","0","CLW","-12.982895486954737","17.918177110305542","22.77","1","0.6111891607306167","1","0.702905187799599","30.90107259726028"
"CLX","0","CLX","-12.982895486954737","26.807922616305845","192.71","0","-0.6159384365847345","1","0.6842928879191065","39.790818103260584"
"CNBP","0","CNBP","-12.982895486954737","0.46801872074884177","64.4","0","-0.8592976782613324","1","0.8521008403361363","13.45091420770358"
"CNCN","0","CNCN","-12.982895486954737","852.3809523809524","20","0","-0.7759747446759471","1","0.5874482194096166","865.3638478679071"
"CNVVY","0","CNVVY","-12.982895486954737","6.825075834175931","10.565","1","0.9167587821453157","1","0.5501401451257983","19.80797132113067"
"CONE","0","CONE","-12.982895486954737","7.313317936874508","69.7","1","0.5306588186590682","1","0.6485498823565251","20.296213423829244"
"COR","0","COR","-12.982895486954737","8.893494323301487","120.85","0","0.4563862518204438","1","0.7207574168338637","21.876389810256224"
"CORE","0","CORE","-12.982895486954737","9.564541213063759","28.18","0","-0.2820109954171508","1","0.5086369854299562","22.547436700018494"
"COST","0","COST","-12.982895486954737","2.4534256337167992","301.92","1","0.6265373313030866","1","0.849261532522708","15.436321120671536"
"COUP","0","COUP","-12.982895486954737","2.2572554639914033","171.24","1","0.7582527145460005","1","0.8844036096060177","15.240150950946141"
"CRWRF","0","CRWRF","-12.982895486954737","9.294012511170703","24.46","0","0.08554200466191009","1","0.5735114504695122","22.276907998125438"
"CSKL","0","CSKL","-12.982895486954737","0.2083333333333437","24.05","0","0.12590381788416968","1","0.7675909907127405","13.191228820288082"
"CSNVY","0","CSNVY","-12.982895486954737","6.124371859296485","33.79","1","0.6433458154813526","1","0.6076283602624463","19.10726734625122"
"CTLT","0","CTLT","-12.982895486954737","17.51940719830629","66.61","1","0.7449440579120503","1","0.7931849630871015","30.50230268526103"
"CTXS","0","CTXS","-12.982895486954737","25.33403656821378","142.58","0","-0.39194775503264995","1","0.6938585214602887","38.316932055168515"
"CVM","0","CVM","-12.982895486954737","105.78616352201257","16.36","0","0.343403202187903","1","0.6752238491582496","118.7690590089673"
"CWQXF","0","CWQXF","-12.982895486954737","42.88828300163312","20.6485","1","0.6439216703765985","1","0.8346115155681382","55.87117848858786"
"CY","0","CY","-12.982895486954737","1.3617021276595809","23.82","0","0.22941827192325615","1","0.7895190169061029","14.344597614614319"
"CYRX","0","CYRX","-12.982895486954737","0.27824151363384786","18.02","1","0.8257724276139169","1","0.8508353755564145","13.261137000588585"
"DAIUF","0","DAIUF","-12.982895486954737","19.945167923235086","52.5","1","0.8853175730229363","1","0.7911647296843954","32.92806341018982"
"DBX","0","DBX","-12.982895486954737","6.175514626218859","19.6","0","0.12112966021513916","1","0.7538384054031121","19.158410113173595"
"DCHPF","0","DCHPF","-12.982895486954737","49.66442953020134","33.45","1","0.6336111937282514","1","0.6830160846190719","62.64732501715608"
"DEAC","0","DEAC","-12.982895486954737","78.68561278863233","20.12","0","0.352511527211437","1","0.6094210978048763","91.66850827558706"
"DG","0","DG","-12.982895486954737","14.153744638733091","173","0","0.15131717620927407","1","0.7840919493679541","27.136640125687826"
"DHR","0","DHR","-12.982895486954737","2.866466184656735","160.77","1","0.8679532301909331","1","0.6854208276694357","15.849361671611472"
"DLR","0","DLR","-12.982895486954737","22.921405104877437","145.92","0","-0.27172458076981265","1","0.7172309060142716","35.904300591832175"
"DLVHF","0","DLVHF","-12.982895486954737","80.31395842172253","85","0","0.4596330718693868","1","0.6201813070422731","93.29685390867726"
"DMNB","0","DMNB","-12.982895486954737","8.965024982155612","76.33","0","-1","1","0.5854264997778039","21.94792046911035"
"DNNGY","0","DNNGY","-12.982895486954737","4.054897067997487","33.36","1","0.7855865205620164","1","0.8905113290782262","17.037792554952226"
"DNOPY","0","DNOPY","-12.982895486954737","1.9704433497536922","20.7","0","-0.5198495332323977","1","0.7499999999999999","14.95333883670843"
"DNPCF","0","DNPCF","-12.982895486954737","2.0036429872495543","28","0","-0.49275040414937343","1","0.8355484456352524","14.986538474204291"
"DOCU","0","DOCU","-12.982895486954737","35.72833355185525","103.52","0","-0.1658145457158983","1","0.5316617393347043","48.71122903880999"
"DOGEF","0","DOGEF","-12.982895486954737","4.088323819408424","100.2891","1","0.7782624815868233","1","0.9278379241750235","17.07121930636316"
"DPM","0","DPM","-12.982895486954737","13.94422310756973","14300","0","0.0035882456763128585","1","0.9122117889375994","26.927118594524465"
"DPZ","0","DPZ","-12.982895486954737","22.969438325991188","357.3","0","-0.4426561600257839","1","0.8924096414362195","35.95233381294592"
"DQJCY","0","DQJCY","-12.982895486954737","11.625249928591842","19.54","0","-0.11976064853211997","1","0.8374084311105933","24.60814541554658"
"DRWKF","0","DRWKF","-12.982895486954737","37.41721854304636","83","0","-0.725185535738286","1","0.6290446719204897","50.4001140300011"
"DSKYF","0","DSKYF","-12.982895486954737","6.968215158924207","70","1","0.5283148742114725","1","0.8022531747028543","19.951110645878945"
"DSNKY","0","DSNKY","-12.982895486954737","5.2954719877206236","68.6","1","0.5629287215403223","1","0.8003048269308283","18.27836747467536"
"DSPG","0","DSPG","-12.982895486954737","5.393401015228427","16.61","1","0.6397932610327557","1","0.7575946483492282","18.376296502183166"
"DSRLF","0","DSRLF","-12.982895486954737","126.53493208287041","182.9","0","0.226553772375972","1","0.6284601454688153","139.51782756982516"
"DTRL","0","DTRL","-12.982895486954737","8.749999999999991","348","0","-0.40074832004601235","1","0.5177697979050263","21.732895486954728"
"DWNX","0","DWNX","-12.982895486954737","1.5037593984962516","33.75","0","-0.3477918650884461","1","0.8628284801653787","14.486654885450989"
"DXCM","0","DXCM","-12.982895486954737","46.43056210607555","341.52","0","0.02125161156520827","1","0.5589257166242749","59.41345759303029"
"EBS","0","EBS","-12.982895486954737","42.93498002179441","78.7","0","0.11009667162589697","1","0.6057736283613915","55.91787550874915"
"ECL","0","ECL","-12.982895486954737","1.3117201663645162","190","1","0.9177690430122588","1","0.8405877367755494","14.294615653319253"
"EE","0","EE","-12.982895486954737","0.309369475545096","68.09","1","0.6463500528246444","1","0.876010564967446","13.292264962499832"
"EHTH","0","EHTH","-12.982895486954737","10.553651189363267","106.43","0","-0.24363716319282974","1","0.7003692070756585","23.536546676318004"
"ELMD","0","ELMD","-12.982895486954737","44.324324324324316","13.35","0","0.06286459312717704","1","0.6121576756221798","57.307219811279055"
"ENPH","0","ENPH","-12.982895486954737","39.51612903225807","43.25","0","0.30881421379953433","1","0.5366005633250444","52.49902451921281"
"ENTG","0","ENTG","-12.982895486954737","0.3883495145631022","51.7","1","0.9268313481359713","1","0.8927555748581955","13.371245001517838"
"EQC","0","EQC","-12.982895486954737","5.266418835192055","33.98","1","0.5356063601327582","1","0.6531884259129023","18.24931432214679"
"EQIX","0","EQIX","-12.982895486954737","14.910928400137035","670.85","0","0.1566693227989836","1","0.7647208850724331","27.89382388709177"
"EQT","0","EQT","-12.982895486954737","57.393209200438086","14.37","0","-0.3579334192367429","1","0.8112591884622682","70.37610468739283"
"ERIE","0","ERIE","-12.982895486954737","4.47110141766629","172.44","0","0.12333918684446132","1","0.6734079950433598","17.45399690462103"
"ETSY","0","ETSY","-12.982895486954737","43.19520053327406","64.445","0","0.35229965043055184","1","0.7692353274856414","56.1780960202288"
"EUXTF","0","EUXTF","-12.982895486954737","59.49343339587243","85.01","1","0.7745380773894913","1","0.6822192849306319","72.47632888282716"
"EVBG","0","EVBG","-12.982895486954737","31.16335141651596","108.8","0","-0.6789221151427249","1","0.9136321762799577","44.1462469034707"
"EVER","0","EVER","-12.982895486954737","26.244193762441938","38.05","1","0.6839934080154605","1","0.5845305487922492","39.22708924939668"
"EVKIF","0","EVKIF","-12.982895486954737","3.5175879396984966","24.72","1","0.9474904597274866","1","0.7464985852427798","16.500483426653233"
"EVOA","0","EVOA","-12.982895486954737","273.6666666666667","11.21","0","-0.3866739434281","1","0.6998794072358065","286.64956215362145"
"FATE","0","FATE","-12.982895486954737","20.918599363346992","26.59","0","0.39076090268990504","1","0.780310771862529","33.90149485030173"
"FCN","0","FCN","-12.982895486954737","10.123348017621137","124.99","0","-0.03909190251767664","1","0.7632882079427817","23.106243504575872"
"FDS","0","FDS","-12.982895486954737","0.12635177821547217","269.43","1","0.8182261624741023","1","0.8160261276462243","13.10924726517021"
"FIVN","0","FIVN","-12.982895486954737","30.811965811965813","91.83","0","0.03705016634954156","1","0.9281370767312029","43.79486129892055"
"FLUIF","0","FLUIF","-12.982895486954737","20.440528634361232","13.67","0","-0.7495876662753652","1","0.6942547625367521","33.42342412131597"
"FMCI","0","FMCI","-12.982895486954737","1.26953125","10.37","0","0.3799298233430493","1","0.5961442832791853","14.252426736954737"
"FMOO","0","FMOO","-12.982895486954737","8.786610878661083","65","1","0.9998029789231415","1","0.7675470555817946","21.76950636561582"
"FNV","0","FNV","-12.982895486954737","36.71526331448973","137.85","0","0.16943283719073768","1","0.6386034549690562","49.69815880144447"
"FORTY","0","FORTY","-12.982895486954737","9.456304520222059","69.0122","1","0.8677376621405083","1","0.628469760542207","22.439200007176794"
"FRHC","0","FRHC","-12.982895486954737","7.4895977808599135","15.5","1","0.7782140806527198","1","0.8802620620088977","20.47249326781465"
"FRPT","0","FRPT","-12.982895486954737","20.796680497925312","72.78","1","0.5094143268474216","1","0.8467442346907398","33.77957598488005"
"FRSHY","0","FRSHY","-12.982895486954737","47.60479041916168","29.58","1","0.9838515062195956","1","0.5415628615479361","60.58768590611642"
"FSGB","0","FSGB","-12.982895486954737","167.95180722891564","11.12","0","0.23395925395522538","1","0.817534503076957","180.93470271587037"
"FSPKF","0","FSPKF","-12.982895486954737","16.15120274914088","16.9","0","-0.5420220195600318","1","0.8176262864118597","29.134098236095618"
"FTCH","0","FTCH","-12.982895486954737","16.01097895699908","12.68","1","0.8139783523066063","1","0.6361490275893762","28.993874443953814"
"GDIFF","0","GDIFF","-12.982895486954737","61.48050120098527","21.1097","1","0.6412173531760105","1","0.6805900153213325","74.46339668794"
"GDS","0","GDS","-12.982895486954737","2.56700641751606","54.34","0","0.2916173873859345","1","0.8577255684767745","15.549901904470797"
"GILD","0","GILD","-12.982895486954737","21.504559270516733","79.95","0","-0.6290501478693201","1","0.5569379276113724","34.48745475747147"
"GLD","0","GLD","-12.982895486954737","8.797494212174861","159.78","0","-0.1419572191262293","1","0.5401184069733629","21.7803896991296"
"GLIBB","0","GLIBB","-12.982895486954737","25.51594746716699","66.9","1","0.8991807405609558","1","0.6016075460098511","38.49884295412173"
"GLPG","0","GLPG","-12.982895486954737","3.628095975232193","214.22","1","0.8986916224286862","1","0.781991585832685","16.61099146218693"
"GLPGF","0","GLPGF","-12.982895486954737","6.369430791803299","218","1","0.8838796953453173","1","0.7558501034813998","19.352326278758035"
"GNFTF","0","GNFTF","-12.982895486954737","5.500000000000016","21.1","1","0.6656355788698681","1","0.6117924323767109","18.482895486954753"
"GNGBF","0","GNGBF","-12.982895486954737","32.857142857142875","18.6","0","-0.512123708410232","1","0.5769742548801962","45.840038344097614"
"GPAQ","0","GPAQ","-12.982895486954737","1.0416666666666519","10.67","0","0.21600540258929357","1","0.9421573503307031","14.024562153621389"
"GRAF","0","GRAF","-12.982895486954737","0.2941176470588447","10.23","0","0.3067819501536143","1","0.911324870862171","13.277013134013583"
"GRGSF","0","GRGSF","-12.982895486954737","63.29680851063828","15.3499","0","-0.42975821703048006","1","0.7738984979019357","76.27970399759302"
"GRRMF","0","GRRMF","-12.982895486954737","0.5208333333333481","77.2","0","-0.053786399732585845","1","0.5648963190361619","13.503728820288085"
"GSHD","0","GSHD","-12.982895486954737","28.68980963045913","57.46","1","0.5227551853768602","1","0.7679302627282614","41.67270511741387"
"GSX","0","GSX","-12.982895486954737","52.16680294358134","37.22","0","-0.2088140570508704","1","0.8210333127519422","65.14969843053608"
"GVDBF","0","GVDBF","-12.982895486954737","6.391180325341139","3312","1","0.658083368261634","1","0.8500024605926878","19.374075812295878"
"GVDNY","0","GVDNY","-12.982895486954737","5.250844187168369","65.4555","1","0.66145525553692","1","0.8531382774555197","18.233739674123107"
"GWOX","0","GWOX","-12.982895486954737","11.428571428571432","195","1","0.5047566488964729","1","0.6896201135051991","24.41146691552617"
"GYUAF","0","GYUAF","-12.982895486954737","0.6819918866482588","20.55","0","-0.06411095349223508","1","0.5896743420039547","13.664887373602996"
"GZPZF","0","GZPZF","-12.982895486954737","6.261780104712056","101.48","0","-0.2192127006646279","1","0.6462962485729838","19.24467559166679"
"HABT","0","HABT","-12.982895486954737","33.14285714285714","13.98","0","0.3527299089875453","1","0.597352631189869","46.12575262981188"
"HAIN","0","HAIN","-12.982895486954737","1.6660055533518348","25.63","0","0.22789726016255424","1","0.7218331255629609","14.648901040306573"
"HCCH","0","HCCH","-12.982895486954737","1.3539651837524147","10.48","0","0.1501073330006936","1","0.9235296374166688","14.336860670707152"
"HCHMY","0","HCHMY","-12.982895486954737","60.59757236227825","86","0","-0.005811727618897623","1","0.5658180767289521","73.58046784923299"
"HCKG","0","HCKG","-12.982895486954737","5.405405405405395","780","0","-0.10917262457049068","1","0.8414175810093159","18.38830089236013"
"HHHH","0","HHHH","-12.982895486954737","0.9861932938856066","10.24","0","0.3395461302942789","1","0.6800181130653796","13.969088780840345"
"HICTY","0","HICTY","-12.982895486954737","45.58823529411764","148.5","0","-0.719447974700505","1","0.9517408816530512","58.57113078107238"
"HKTTY","0","HKTTY","-12.982895486954737","5.62109646079112","15.22","0","-0.24547210539028375","1","0.6419768314888074","18.603991947745858"
"HKTVY","0","HKTVY","-12.982895486954737","31.29175946547882","11.79","0","0.006124847524109332","1","0.6955620985389336","44.27465495243356"
"HLAGF","0","HLAGF","-12.982895486954737","319.61852861035413","154","0","-0.20612284068318776","1","0.6206258601333089","332.6014240973089"
"HLFFF","0","HLFFF","-12.982895486954737","77.72277227722772","35.9","0","-0.3518689333213913","1","0.7591745145522695","90.70566776418245"
"HLI","0","HLI","-12.982895486954737","14.595778574273188","57.55","0","0.36101452536997475","1","0.8302096386345109","27.578674061227925"
"HLTEF","0","HLTEF","-12.982895486954737","5.83016476552598","41.75","0","-0.3632945321295316","1","0.8653041286899581","18.813060252480717"
"HNFSA","0","HNFSA","-12.982895486954737","6.060606060606055","70","1","0.7028330549215842","1","0.51440777697256","19.043501547560794"
"HOCPF","0","HOCPF","-12.982895486954737","1.9230769230769162","92.75","1","0.7802944521927918","1","0.8853211665280218","14.905972410031653"
"HONT","0","HONT","-12.982895486954737","32.231404958677686","160","0","-0.02863327828288458","1","0.7960986621579824","45.214300445632425"
"HPHTF","0","HPHTF","-12.982895486954737","4.791716831206361","43.52","0","0.38917635082958535","1","0.7720056867276431","17.774612318161097"
"HUFAF","0","HUFAF","-12.982895486954737","29.59501557632398","20.8","0","-0.4969527009307651","1","0.5692016506895976","42.57791106327872"
"HVLM","0","HVLM","-12.982895486954737","31.19999999999998","16.4","1","0.8215253491550141","1","0.588457189294359","44.18289548695472"
"HYUHF","0","HYUHF","-12.982895486954737","22.911694510739842","41.2","0","-1.3771547596437235e-16","1","0.7612991361475129","35.89458999769458"
"IBDSF","0","IBDSF","-12.982895486954737","0.049333991119882015","10.14","1","0.75487814229003","1","0.6986179020361668","13.032229478074619"
"IBIDF","0","IBIDF","-12.982895486954737","35.842501447596995","23.46","0","0.2117783065148095","1","0.6678351944025314","48.82539693455173"
"ICGUF","0","ICGUF","-12.982895486954737","16.780952380952385","13.4882","1","0.9745171402006624","1","0.6438424404195516","29.763847867907124"
"IDKOF","0","IDKOF","-12.982895486954737","5.2612765957446905","24.7364","1","0.7414657017124026","1","0.5673803788369849","18.24417208269943"
"IFSUF","0","IFSUF","-12.982895486954737","56.92307692307692","10.2","0","0.15662589233030177","1","0.7154014531698681","69.90597241003165"
"IGMS","0","IGMS","-12.982895486954737","64.1025641025641","54.4","0","-0.33570641938291873","1","0.8225056291146122","77.08545958951883"
"IMMU","0","IMMU","-12.982895486954737","49.21414538310414","30.38","0","0.42646963071571065","1","0.6925767022093603","62.19704087005888"
"INSG","0","INSG","-12.982895486954737","32.01970443349755","10.72","0","0.22298887376891022","1","0.5403520417339599","45.00259992045229"
"IOVA","0","IOVA","-12.982895486954737","18.518518518518512","32","0","-0.32270514657787247","1","0.6353082731307355","31.50141400547325"
"IPHI","0","IPHI","-12.982895486954737","15.281234444997516","92.64","0","0.30261235590879626","1","0.5220457996284881","28.264129931952255"
"IRTC","0","IRTC","-12.982895486954737","46.22027180067951","103.29","0","0.33409180459060855","1","0.6896740364505758","59.20316728763425"
"ITOEF","0","ITOEF","-12.982895486954737","18.36734693877551","58","0","-0.10239273979196867","1","0.9042341766227556","31.350242425730244"
"JEII","0","JEII","-12.982895486954737","56.25","12.5","0","0.09238026961616552","1","0.7147267989720066","69.23289548695473"
"JFBHF","0","JFBHF","-12.982895486954737","3.8461538461538547","162","0","-0.8273241595762882","1","0.7566582734362506","16.829049333108593"
"JKHY","0","JKHY","-12.982895486954737","8.03626201349601","158.5","0","0.299029170914771","1","0.9191931471600798","21.019157500450746"
"JNJ","0","JNJ","-12.982895486954737","2.2971854304635553","148.29","1","0.762402850568424","1","0.6818135044521066","15.280080917418292"
"KAJMF","0","KAJMF","-12.982895486954737","10.515625000000007","10.6095","1","0.8217430694489034","1","0.6588815499282092","23.498520486954746"
"KATOF","0","KATOF","-12.982895486954737","33.54700854700856","31.25","0","0.3689159158931063","1","0.6776998378934302","46.5299040339633"
"KBLM","0","KBLM","-12.982895486954737","0.6171685057041243","10.76","1","0.5003425303992067","1","0.9074276752798788","13.60006399265886"
"KEM","0","KEM","-12.982895486954737","0.9708737864077666","27.04","1","0.8104961734948947","1","0.7830198859749404","13.953769273362504"
"KGDEY","0","KGDEY","-12.982895486954737","204.0540540540541","135","1","0.9578803646251406","1","0.8439929292342687","217.03694954100882"
"KLIB","0","KLIB","-12.982895486954737","6.145251396648055","190","0","0.04884162299582054","1","0.8327265776297343","19.128146883602792"
"KLMR","0","KLMR","-12.982895486954737","1.3636363636363669","11.15","0","-0.0691681745537299","1","0.6220191498954252","14.346531850591104"
"KNSL","0","KNSL","-12.982895486954737","13.32891246684349","119.63","1","0.6995444895884502","1","0.9194503261085076","26.31180795379823"
"KNX","0","KNX","-12.982895486954737","2.2377999460771125","37.92","1","0.8447263556575584","1","0.515161293401573","15.22069543303185"
"KRMD","0","KRMD","-12.982895486954737","108.24175824175822","11.37","0","-0.32169355936284905","1","0.5598075286773737","121.22465372871295"
"KRTX","0","KRTX","-12.982895486954737","12.52627154266499","80.31","1","0.8206776874746625","1","0.6408632275795807","25.509167029619725"
"KXSCF","0","KXSCF","-12.982895486954737","21.538651214400197","98.58","0","0.46837873652553935","1","0.633910888836688","34.521546701354936"
"LBRDB","0","LBRDB","-12.982895486954737","2.669902912621369","126.9","1","0.874441263997642","1","0.7656886286509332","15.652798399576106"
"LBTYA","0","LBTYA","-12.982895486954737","4.307116104868913","22.28","1","0.9278440270719426","1","0.7687361816296613","17.29001159182365"
"LBTYB","0","LBTYB","-12.982895486954737","47.46543778801844","32","1","0.7236422686723835","1","0.7206507138998972","60.44833327497318"
"LBTYK","0","LBTYK","-12.982895486954737","4.98290180752321","21.49","1","0.9301599477706703","1","0.7879013966357992","17.965797294477948"
"LDGYY","0","LDGYY","-12.982895486954737","32.33082706766916","26.4","0","-0.37849897049202746","1","0.7162697388908557","45.3137225546239"
"LDSVF","0","LDSVF","-12.982895486954737","4.060913705583746","8200","1","0.7482449754564486","1","0.6107138541620428","17.043809192538482"
"LEC","0","LEC","-12.982895486954737","3.0303030303030276","17000","0","-0.48538403442072736","1","0.5442402531067912","16.013198517257763"
"LFAC","0","LFAC","-12.982895486954737","0.09633911368014392","10.39","1","0.7823096021945003","1","0.9141632921141519","13.07923460063488"
"LGC","0","LGC","-12.982895486954737","0.7759456838021261","10.39","0","0.37097022905097615","1","0.93883050712537","13.758841170756863"
"LGFRY","0","LGFRY","-12.982895486954737","2.42450021267544","48.16","0","0.08083807386017246","1","0.8958938020244471","15.407395699630177"
"LKHLY","0","LKHLY","-12.982895486954737","4.722010662604714","13.75","0","-0.8611896599208677","1","0.5126179559445575","17.704906149559452"
"LLY","0","LLY","-12.982895486954737","14.897913394660067","153.63","0","0.1897534919420561","1","0.7111366540477981","27.880808881614804"
"LOAC","0","LOAC","-12.982895486954737","0.9606525911708186","10.5201","0","0.06488798803957506","1","0.9562727005892528","13.943548078125556"
"LPT","0","LPT","-12.982895486954737","21.82890855457227","61.95","0","0.35441083495264236","1","0.8027025379392649","34.811804041527004"
"LRLCF","0","LRLCF","-12.982895486954737","20.13561739130436","345.3899","1","0.786321035735421","1","0.8846830006386224","33.1185128782591"
"LRN","0","LRN","-12.982895486954737","11.559009227780482","22.97","0","-0.24732529986495522","1","0.5390026351686765","24.541904714735217"
"LSMNF","0","LSMNF","-12.982895486954737","72.32819614711032","49.1997","0","-0.2473515049673159","1","0.7775763454284468","85.31109163406505"
"LTRPB","0","LTRPB","-12.982895486954737","397.68707482993193","36.58","0","-0.04088626442855408","1","0.5087523100565438","410.6699703168867"
"LVL","0","LVL","-12.982895486954737","3.680266863349879","12.3703","1","0.7524897093008268","1","0.562710694086725","16.663162350304617"
"LZAGF","0","LZAGF","-12.982895486954737","25.009613799923102","455.11","0","0.34902236138442255","1","0.9279305978231949","37.99250928687784"
"LZAGY","0","LZAGY","-12.982895486954737","23.844021843527898","45.13","0","0.3746205677064949","1","0.9294423938328197","36.82691733048264"
"MASI","0","MASI","-12.982895486954737","37.11554185797847","218","0","-0.08327041326723096","1","0.9347346196459815","50.09843734493321"
"MAURF","0","MAURF","-12.982895486954737","31.722054380664645","21.8","0","0.19214054309667097","1","0.8526482097628769","44.70494986761938"
"MBCQ","0","MBCQ","-12.982895486954737","0.12779552715653786","15.67","0","0.01592837157110601","1","0.5034542430255268","13.110691014111275"
"MCARY","0","MCARY","-12.982895486954737","25.012309207287053","12.695","0","0.27074186438320513","1","0.6108628379755344","37.99520469424179"
"MDB","0","MDB","-12.982895486954737","11.157054252512989","155.92","1","0.7987854150124607","1","0.8559556090982019","24.139949739467724"
"MDNDF","0","MDNDF","-12.982895486954737","1.2727272727272698","50.13","0","0.35383473198983917","1","0.8288939416597507","14.255622759682007"
"MFAC","0","MFAC","-12.982895486954737","0.3894839337877487","10.31","0","0.15234412711382914","1","0.9040270962445198","13.372379420742487"
"MKTX","0","MKTX","-12.982895486954737","23.466922865769966","449.79","0","0.049944291526038125","1","0.8360973805191216","36.449818352724705"
"MLNX","0","MLNX","-12.982895486954737","6.0186757215619835","124.89","0","0.46195692814151584","1","0.849359241112771","19.001571208516722"
"MOH","0","MOH","-12.982895486954737","20.496592015579363","173.25","0","0.07528771158177243","1","0.7457734129956641","33.4794875025341"
"MOX","0","MOX","-12.982895486954737","0.051840331778119086","193","0","-0.09664716372442374","1","0.8961348219430344","13.034735818732855"
"MPWR","0","MPWR","-12.982895486954737","7.179312691391626","189","1","0.6613922397792135","1","0.9340703870275591","20.16220817834636"
"MRCY","0","MRCY","-12.982895486954737","18.885533900631344","86.62","1","0.639347520042375","1","0.8997570973027575","31.868429387586083"
"MSCI","0","MSCI","-12.982895486954737","20.02551020408163","319.94","0","0.3686550303780906","1","0.9078299694199995","33.008405691036366"
"MSFT","0","MSFT","-12.982895486954737","9.044912236866764","174.57","1","0.7386572012910629","1","0.9313909820243681","22.027807723821503"
"MTEM","0","MTEM","-12.982895486954737","11.238367931281301","15.54","0","0.39408731427562976","1","0.5372610982219693","24.22126341823604"
"MTLS","0","MTLS","-12.982895486954737","2.7239392352016667","19.61","1","0.5661290082961081","1","0.831695570872739","15.706834722156405"
"MTRAF","0","MTRAF","-12.982895486954737","3.93017138379701","42.71","0","0.4085971128113292","1","0.6570675236566124","16.91306687075175"
"MTWTF","0","MTWTF","-12.982895486954737","41.94059405940595","35.84","0","0.283140737944791","1","0.826657755417121","54.92348954636069"
"MTZXF","0","MTZXF","-12.982895486954737","8.915662650602396","18.08","0","-0.24870000328994438","1","0.7800238994314302","21.89855813755713"
"MUDS","0","MUDS","-12.982895486954737","0.3706563706563859","10.3984","0","0.40337814377509207","1","0.9093682664164275","13.353551857611123"
"NBFJF","0","NBFJF","-12.982895486954737","43.31902912621359","7380.93","0","9.392834971580315e-16","1","0.7363626520580404","56.30192461316833"
"NBR","0","NBR","-12.982895486954737","344.9838187702266","13.75","0","0.16300388478106864","1","0.5884882216934101","357.96671425718137"
"NCSYF","0","NCSYF","-12.982895486954737","180.41266746650672","179.5","0","-0.5265534884934954","1","0.6597966013858197","193.39556295346145"
"NDAQ","0","NDAQ","-12.982895486954737","0.74648020410093","106.62","1","0.8691230307093277","1","0.9084429712427714","13.729375691055667"
"NDGPY","0","NDGPY","-12.982895486954737","16.89024390243905","19.17","0","0.4879576007840491","1","0.7171241218297679","29.873139389393785"
"NET","0","NET","-12.982895486954737","28.45894263217097","22.84","0","-0.5820290668601108","1","0.5583948717403238","41.441838119125705"
"NFLX","0","NFLX","-12.982895486954737","22.404645404704347","415.27","0","-0.008913043794025294","1","0.8100125604518573","35.387540891659086"
"NFPC","0","NFPC","-12.982895486954737","6.1281337047353945","19.05","0","0.1677917561026845","1","0.7970046622587132","19.111029191690132"
"NGKIF","0","NGKIF","-12.982895486954737","26.463878326996195","16.63","0","-0.7748183237315942","1","0.6580253865117648","39.446773813950934"
"NHNKY","0","NHNKY","-12.982895486954737","36.8532955350815","19.31","0","-0.1775359673986508","1","0.5361367677059318","49.83619102203624"
"NICFF","0","NICFF","-12.982895486954737","51.26050420168067","18","1","1","1","0.5671000660529044","64.2433996886354"
"NOW","0","NOW","-12.982895486954737","14.83510908168444","339.51","1","0.8146226758859973","1","0.8984122403842036","27.818004568639175"
"NPCPF","0","NPCPF","-12.982895486954737","22.93272727272726","47.3291","1","0.8522055226758805","1","0.6301339087721411","35.915622759681995"
"NPIFF","0","NPIFF","-12.982895486954737","0.782386132278523","20.7906","1","0.8361308905564472","1","0.5190136732333614","13.76528161923326"
"NPRUF","0","NPRUF","-12.982895486954737","9.701275846898373","24.9351","0","0.4380714648995776","1","0.8311828102626504","22.684171333853108"
"NTBP","0","NTBP","-12.982895486954737","43.58974358974359","1400","0","-0.3800890411764907","1","0.5482018281179999","56.57263907669833"
"NTDOF","0","NTDOF","-12.982895486954737","8.29145728643217","431","0","0.07711542275753103","1","0.6138543966030153","21.27435277338691"
"NTDOY","0","NTDOY","-12.982895486954737","5.543237250554323","52.36","0","0.10054001903631082","1","0.6122750903217203","18.52613273750906"
"NTRA","0","NTRA","-12.982895486954737","2.0366598778004175","35.07","1","0.802127972989603","1","0.613373556196248","15.019555364755155"
"NVDA","0","NVDA","-12.982895486954737","17.638738663782338","282.78","0","0.3318425563308668","1","0.6797401293060295","30.621634150737073"
"OBIIF","0","OBIIF","-12.982895486954737","178.27050997782706","125.5","0","0.49777729357184447","1","0.7107329293400255","191.2534054647818"
"OCDDY","0","OCDDY","-12.982895486954737","17.140222465563948","40.65","0","-0.043576608331787205","1","0.8051073717432187","30.123117952518683"
"OCDGF","0","OCDGF","-12.982895486954737","16.95402298850577","20.35","0","-0.04534988060137298","1","0.7489190646260405","29.93691847546051"
"OCLCF","0","OCLCF","-12.982895486954737","74.0779041709755","101","0","0.24225980798160493","1","0.5501890376310353","87.06079965793023"
"OKTA","0","OKTA","-12.982895486954737","18.55037833532458","148.84","0","0.3623445108416171","1","0.9085592570848653","31.53327382227932"
"OLLI","0","OLLI","-12.982895486954737","8.636288863299901","66.04","1","0.5453753715377849","1","0.6762612300973341","21.61918435025464"
"OPES","0","OPES","-12.982895486954737","1.614434947768273","10.7","0","-0.15986858048841426","1","0.9714854274974284","14.597330434723009"
"OPYGY","0","OPYGY","-12.982895486954737","33.88429752066116","81","0","-0.13077018270785487","1","0.6974320421169778","46.867193007615896"
"OTGLF","0","OTGLF","-12.982895486954737","21.933085501858727","82","1","0.5504854273745371","1","0.8304839352702708","34.915980988813466"
"PACQ","0","PACQ","-12.982895486954737","1.1583011583011782","10.48","0","0.13554439852639644","1","0.7865931086841926","14.141196645255915"
"PANHF","0","PANHF","-12.982895486954737","215.90909090909088","13.9","0","-0.008785386621110726","1","0.834562136402937","228.8919863960456"
"PBBI","0","PBBI","-12.982895486954737","0.328947368421062","15.25","1","0.7952189014004452","1","0.7617679711754989","13.311842855375799"
"PBH","0","PBH","-12.982895486954737","1.7789072426937613","40.05","1","0.840144139339656","1","0.5784114119242466","14.761802729648497"
"PCELF","0","PCELF","-12.982895486954737","223.06953018149557","26.22","1","0.5505494073411644","1","0.7575861958669031","236.0524256684503"
"PDD","0","PDD","-12.982895486954737","12.172839506172828","45.43","0","-0.03163187077371701","1","0.6437042779101555","25.155734993127567"
"PEN","0","PEN","-12.982895486954737","8.79296053051073","170.62","1","0.6438277790967288","1","0.9206555704167485","21.775856017465465"
"PFFVF","0","PFFVF","-12.982895486954737","20.820612108124227","162.25","0","-0.3794599660630684","1","0.6861608621715777","33.80350759507896"
"PGR","0","PGR","-12.982895486954737","4.085257548845478","76.18","1","0.5809944482472721","1","0.9318790366811669","17.068153035800215"
"PHI","0","PHI","-12.982895486954737","17.74744027303752","24.15","0","0.05848394859495402","1","0.8141740852056273","30.730335759992258"
"PHTCF","0","PHTCF","-12.982895486954737","15.00261369576581","22","0","-0.17472363523108114","1","0.8011385340367405","27.98550918272055"
"PIFFY","0","PIFFY","-12.982895486954737","21.285475792988294","14.53","1","0.7497229616993948","1","0.5297923544723916","34.26837127994303"
"PINS","0","PINS","-12.982895486954737","0.15212981744423537","19.75","1","0.9499001931729523","1","0.5748132662533671","13.135025304398972"
"PLMR","0","PLMR","-12.982895486954737","5.885826771653546","53.79","0","0.32346587156112666","1","0.9023990330789406","18.868722258608283"
"PLWTF","0","PLWTF","-12.982895486954737","6.410852713178294","274.54","0","-0.8542718530748641","1","0.6901685607672615","19.393748200133032"
"PLWTY","0","PLWTY","-12.982895486954737","18.37849650349652","54.17","0","-0.6962634949684028","1","0.578167501051855","31.36139199045126"
"PMCUF","0","PMCUF","-12.982895486954737","1.6507936507936583","16.01","1","0.831864235399512","1","0.5463144871143455","14.633689137748394"
"PODD","0","PODD","-12.982895486954737","10.138457191296979","194.89","1","0.7609717411518665","1","0.8314377852473055","23.121352678251718"
"PONT","0","PONT","-12.982895486954737","2.163461538461542","425","0","0.10137988896021166","1","0.7265458826750264","15.146357025416279"
"POOL","0","POOL","-12.982895486954737","0.8967772069126578","216.02","1","0.8993381163634514","1","0.9416326097623989","13.879672693867395"
"PPAL","0","PPAL","-12.982895486954737","1.6216216216216273","56.4","0","0.37910869126284014","1","0.7754061203157493","14.604517108576363"
"PRGO","0","PRGO","-12.982895486954737","6.596519627681086","52.68","1","0.9093210062400235","1","0.7206363845215351","19.57941511463582"
"PRNB","0","PRNB","-12.982895486954737","1.953125","57.42","1","0.5009927944605314","1","0.6544694899686148","14.936020486954737"
"PTAUY","0","PTAUY","-12.982895486954737","24.597412480974114","16.3721","1","0.990889258664729","1","0.6989128207147175","37.58030796792885"
"PTVCA","0","PTVCA","-12.982895486954737","20.521573604060904","18.9942","1","0.5731000208119251","1","0.6660151360175122","33.50446909101564"
"PYPL","0","PYPL","-12.982895486954737","7.86084779109284","120.61","1","0.8679478583574761","1","0.92825511354809","20.843743278047576"
"PYPTF","0","PYPTF","-12.982895486954737","2.545771578029643","11.762","0","-1","1","0.6736704373799415","15.52866706498438"
"QDEL","0","QDEL","-12.982895486954737","80.22262490292518","139.24","0","-0.40183706947137965","1","0.8295379397493001","93.20552038987991"
"QGEN","0","QGEN","-12.982895486954737","23.723277909738716","41.67","0","-0.6701469925677643","1","0.7236273445363675","36.70617339669345"
"QLYS","0","QLYS","-12.982895486954737","18.810232004759065","99.86","0","0.10463292311382895","1","0.8484586119909219","31.793127491713804"
"RBGLY","0","RBGLY","-12.982895486954737","3.1144002466851672","16.72","1","0.7967560978581045","1","0.5523962147906312","16.097295733639903"
"RBGPF","0","RBGPF","-12.982895486954737","4.991838869667697","83.3","1","0.7974494749108013","1","0.5769695379510787","17.974734356622434"
"RCCB","0","RCCB","-12.982895486954737","5.263157894736836","300","0","0.3699963069606312","1","0.6836269406284573","18.246053381691574"
"RCDOF","0","RCDOF","-12.982895486954737","22.80701754385963","10.5","0","-0.5274171839921885","1","0.6076509110609378","35.78991303081437"
"RCDTF","0","RCDTF","-12.982895486954737","18.218443804034568","41.0218","1","0.9550657176792308","1","0.7424792571045586","31.201339290989303"
"RDVT","0","RDVT","-12.982895486954737","2.6217228464419318","19.18","1","0.7334606323587619","1","0.6675348865562117","15.604618333396669"
"RGEN","0","RGEN","-12.982895486954737","18.69021339220014","112.91","0","0.290225816084559","1","0.7937841510487682","31.673108879154874"
"RGLD","0","RGLD","-12.982895486954737","12.777777777777777","125.86","1","0.645338183394216","1","0.7367050615916176","25.760673264732514"
"RMD","0","RMD","-12.982895486954737","1.7917706533563615","159.07","1","0.7981292975249219","1","0.9016415405118744","14.774666140311098"
"RNG","0","RNG","-12.982895486954737","20.570512466139657","218.1","0","0.19881553618450593","1","0.8246153213831351","33.55340795309439"
"ROAD","0","ROAD","-12.982895486954737","0.9976525821596249","17.21","1","0.5514545501335425","1","0.6282585371886706","13.980548069114363"
"RP","0","RP","-12.982895486954737","12.789855072463752","62.26","1","0.6749070057255374","1","0.8799994434274402","25.77275055941849"
"RPAY","0","RPAY","-12.982895486954737","13.968668407310702","17.46","1","0.7574829242331138","1","0.7719864815900526","26.95156389426544"
"RSMDF","0","RSMDF","-12.982895486954737","53.77551020408162","15.07","1","0.6868074709421261","1","0.535182395788618","66.75840569103636"
"RWWI","0","RWWI","-12.982895486954737","4.381443298969079","10.125","1","0.5854769300576829","1","0.6742153809561177","17.364338785923817"
"SAFE","0","SAFE","-12.982895486954737","30.161490683229818","52.39","0","-0.27417772483585273","1","0.653145731923383","43.14438617018455"
"SAIA","0","SAIA","-12.982895486954737","2.4677509814918563","91.35","1","0.9116470879733765","1","0.7855312057907053","15.450646468446593"
"SAM","0","SAM","-12.982895486954737","23.455996571857085","460.96","0","0.3656255401648865","1","0.6361369623404034","36.438892058811824"
"SAMA","0","SAMA","-12.982895486954737","0.29615004935834577","10.16","1","0.5668325711129418","1","0.8745947413005927","13.279045536313083"
"SBAC","0","SBAC","-12.982895486954737","19.46839978336041","286.76","0","0.003406234149107485","1","0.8546005752730158","32.45129527031515"
"SBB","0","SBB","-12.982895486954737","20.244990346847747","36.124","0","-0.9871016322270617","1","0.7115747604859356","33.22788583380248"
"SBM","0","SBM","-12.982895486954737","6.582773007243303","18.8789","0","-0.92770546240871","1","0.6253905153242143","19.56566849419804"
"SCC","0","SCC","-12.982895486954737","1.365620160495573","12.96","0","-0.8658658811196359","1","0.9399076836741391","14.34851564745031"
"SCND","0","SCND","-12.982895486954737","38.55421686746987","11.5","0","0.02003308468689035","1","0.530420132007274","51.53711235442461"
"SCO","0","SCO","-12.982895486954737","297.71615008156607","48.76","0","-0.7336934562389831","1","0.6291187554637173","310.69904556852083"
"SE","0","SE","-12.982895486954737","36.40438247011954","54.78","0","0.10711681079794326","1","0.8053691869786448","49.38727795707428"
"SEDG","0","SEDG","-12.982895486954737","0.7680491551459223","104.96","1","0.6571279786847462","1","0.6780923910305201","13.75094464210066"
"SGEN","0","SGEN","-12.982895486954737","30.971223021582727","145.64","0","0.07461263174399174","1","0.682987737187338","43.95411850853746"
"SHKLY","0","SHKLY","-12.982895486954737","58.419792498004796","99.25","0","0.23659573735518308","1","0.6311501401860792","71.40268798495953"
"SHOP","0","SHOP","-12.982895486954737","46.768715618273134","613.64","0","0.3723296130073046","1","0.7948058804428291","59.75161110522787"
"SII","0","SII","-12.982895486954737","16.29213483146068","20700","0","-0.8387788434824637","1","0.6094291667419137","29.275030318415418"
"SLGN","0","SLGN","-12.982895486954737","12.929023658780391","33.89","1","0.5617947286344482","1","0.6179223235960136","25.911919145735126"
"SLP","0","SLP","-12.982895486954737","27.61437908496731","39.05","0","0.2683176052102108","1","0.852479632506745","40.59727457192205"
"SMAR","0","SMAR","-12.982895486954737","15.74402125775023","52.27","1","0.5534596607002938","1","0.6897342311992201","28.726916744704965"
"SMECF","0","SMECF","-12.982895486954737","1.379747943287235","463.346","1","0.6856344716065926","1","0.6557931506090453","14.362643430241972"
"SNPS","0","SNPS","-12.982895486954737","2.5915261209378704","149.64","1","0.854177733388184","1","0.9178199752761028","15.574421607892607"
"SNPXF","0","SNPXF","-12.982895486954737","59.63945205479453","58.2684","1","0.949449680577891","1","0.6553343414420059","72.62234754174926"
"SOT","0","SOT","-12.982895486954737","0.2467612584824197","1625","0","-0.4478397018100319","1","0.6084222464165504","13.229656745437158"
"SPGI","0","SPGI","-12.982895486954737","0.36840812603067263","286.06","1","0.9123589733513942","1","0.9270562713354192","13.35130361298541"
"SPMYY","0","SPMYY","-12.982895486954737","6.180257510729614","12.37","1","0.6585986561590738","1","0.7283500668146323","19.16315299768435"
"SPRO","0","SPRO","-12.982895486954737","30.32608695652175","11.99","1","0.7156485078194549","1","0.588219058637045","43.30898244347649"
"SPTN","0","SPTN","-12.982895486954737","24.13793103448276","16.92","0","-0.1588279654783075","1","0.5764551488876568","37.1208265214375"
"SRLY","0","SRLY","-12.982895486954737","77.90262172284645","23.75","0","-0.4710041850179192","1","0.6237202619987766","90.88551720980118"
"STAA","0","STAA","-12.982895486954737","5.630565929330644","36.77","1","0.6717469451801642","1","0.7277638608371717","18.613461416285382"
"SURRY","0","SURRY","-12.982895486954737","35.00823723228994","16.39","0","-0.3908140821122033","1","0.521706264929398","47.99113271924468"
"SUVPF","0","SUVPF","-12.982895486954737","156.24547913364813","254","0","-0.06872787237332659","1","0.7922883826010921","169.22837462060286"
"SVCBF","0","SVCBF","-12.982895486954737","5.184446660019959","10.55","1","0.6367577606732836","1","0.6757413599810297","18.167342146974697"
"SVCBY","0","SVCBY","-12.982895486954737","5.330700888450135","10.67","1","0.6264851734146463","1","0.6747550016844058","18.31359637540487"
"SVI","0","SVI","-12.982895486954737","11.194029850746269","74500","0","0.2677743749289343","1","0.6947790491175881","24.176925337701007"
"SVJTY","0","SVJTY","-12.982895486954737","3.5554098360655706","15.7922","0","-4.527270537912963e-16","1","0.769418731153735","16.538305323020307"
"SWMAF","0","SWMAF","-12.982895486954737","21.193173458878924","65.9","0","0.3898883368100645","1","0.690079519162871","34.17606894583366"
"SWMAY","0","SWMAY","-12.982895486954737","8.202005730659012","30.21","0","0.3979654152182627","1","0.6547160054224225","21.18490121761375"
"TCEHY","0","TCEHY","-12.982895486954737","2.8197381671701827","51.05","1","0.5689621940620133","1","0.6620622506992865","15.80263365412492"
"TCO","0","TCO","-12.982895486954737","31.197249140356355","41.97","0","-0.2213919206955389","1","0.796576373529424","44.180144627311094"
"TCTZF","0","TCTZF","-12.982895486954737","2.9204431017120003","51.1","1","0.5564786700242187","1","0.6604046470386326","15.903338588666738"
"TDAC","0","TDAC","-12.982895486954737","0.7604562737642651","10.6","0","0.460715337676575","1","0.9401584863829965","13.743351760719001"
"TDOC","0","TDOC","-12.982895486954737","96.50893064254234","169.43","0","-0.6851899944985659","1","0.7240630863169786","109.49182612949707"
"TEAM","0","TEAM","-12.982895486954737","18.860525911117954","154.59","0","0.49267808583278627","1","0.9001922529258592","31.843421398072692"
"TECH","0","TECH","-12.982895486954737","5.783356578335663","227.54","1","0.7879203753216595","1","0.8865373544820193","18.766252065290402"
"TEVA","0","TEVA","-12.982895486954737","13.677130044843056","10.14","1","0.7710971033509092","1","0.8589146311195761","26.660025531797793"
"THS","0","THS","-12.982895486954737","8.59592711682744","50.66","0","0.42480174014892047","1","0.6286342414033732","21.57882260378218"
"TKAYF","0","TKAYF","-12.982895486954737","65.83747927031509","100","1","0.6717358601198783","1","0.6164395850530182","78.82037475726982"
"TLD","0","TLD","-12.982895486954737","2.9748283752860427","4500","0","-0.46293064933030575","1","0.714051902814482","15.95772386224078"
"TMO","0","TMO","-12.982895486954737","0.7053435114503737","329.81","1","0.8190486799943636","1","0.9389642588151649","13.688238998405112"
"TMRAF","0","TMRAF","-12.982895486954737","6.065810593900478","33.0395","1","0.6038788424014079","1","0.8901634155396215","19.048706080855215"
"TMRAY","0","TMRAY","-12.982895486954737","5.008175277959448","32.1115","1","0.5404808891437122","1","0.8923886486543942","17.991070764914184"
"TMRR","0","TMRR","-12.982895486954737","1310","14.1","1","1.0000000000000002","1","0.6458674138770091","1322.9828954869547"
"TMS","0","TMS","-12.982895486954737","4.471632048385166","25800","0","0.37710322486727943","1","0.6356558364714578","17.454527535339903"
"TMUS","0","TMUS","-12.982895486954737","8.536892470410473","86.2","0","0.34958127662081123","1","0.8827729877320166","21.51978795736521"
"TMVWY","0","TMVWY","-12.982895486954737","14.078947368421058","21.675","0","-0.06872357048805122","1","0.5052280681567735","27.061842855375794"
"TMXXF","0","TMXXF","-12.982895486954737","2.04872904356459","85.54","1","0.8929054531367042","1","0.8755637798820853","15.031624530519327"
"TNDM","0","TNDM","-12.982895486954737","29.220360824742265","80.22","1","0.7210699051654523","1","0.6786304616965635","42.203256311697004"
"TNMAF","0","TNMAF","-12.982895486954737","4.4378698224851965","17.65","1","0.8065365875102186","1","0.5978535843669098","17.420765309439933"
"TOTA","0","TOTA","-12.982895486954737","1.717557251908386","10.66","0","0.3641011535928436","1","0.9457666561556548","14.700452738863124"
"TRAC","0","TRAC","-12.982895486954737","4.761904761904767","22","0","0.060779874577681095","1","0.8411338645091361","17.744800248859505"
"TRHC","0","TRHC","-12.982895486954737","24.916736053288922","60.01","1","0.6032972900257207","1","0.5657425152246526","37.89963154024366"
"TSUSF","0","TSUSF","-12.982895486954737","21.695760598503732","122","0","0.24723874876202287","1","0.5819141033752938","34.67865608545847"
"TTT","0","TTT","-12.982895486954737","75.37499999999999","28.06","0","0.29550337773183677","1","0.563086032475183","88.35789548695472"
"TWM","0","TWM","-12.982895486954737","17.712470214455923","14.82","0","-0.9391174654925055","1","0.7401034990983292","30.69536570141066"
"TYL","0","TYL","-12.982895486954737","1.2186887038168281","314.78","1","0.7969633620847058","1","0.7519509595486839","14.201584190771566"
"TZAC","0","TZAC","-12.982895486954737","1.434034416825991","10.61","0","0.31988675148916984","1","0.9009920421658527","14.416929903780728"
"UBSFF","0","UBSFF","-12.982895486954737","8.888888888888879","73.5","0","0.376601908954683","1","0.5976547509226694","21.871784375843617"
"UBSFY","0","UBSFY","-12.982895486954737","5.263157894736836","14.91","1","0.6360224638301223","1","0.5729640445974091","18.246053381691574"
"UCFC","0","UCFC","-12.982895486954737","3.7986704653371284","10.93","1","0.7049338432568893","1","0.8182031585378295","16.781565952291864"
"UEHPY","0","UEHPY","-12.982895486954737","40.816326530612244","13.8","0","3.9792635799662256e-16","1","0.5226212929852004","53.79922201756698"
"UNCHF","0","UNCHF","-12.982895486954737","7.319198373511471","36.95","0","0.015417224049743154","1","0.8404711328770776","20.302093860466208"
"UNFI","0","UNFI","-12.982895486954737","18.518518518518512","11.2","0","-0.42890063174480286","1","0.6830447941498394","31.50141400547325"
"UTHR","0","UTHR","-12.982895486954737","25.195043597980728","109.12","0","0.35501377045256965","1","0.5171990091983519","38.17793908493547"
"VEEV","0","VEEV","-12.982895486954737","32.512350035285834","187.77","0","0.04121429936753332","1","0.8994964187361356","45.49524552224057"
"VICR","0","VICR","-12.982895486954737","0.6630265210608277","51.62","1","0.914583425882143","1","0.708379284155355","13.645922008015564"
"VIE","0","VIE","-12.982895486954737","30.54154053144973","38.81","0","0.2783488093248475","1","0.5750644620122219","43.524436018404465"
"VIR","0","VIR","-12.982895486954737","124.37650844730493","27.89","0","-0.6932755119118525","1","0.5623707538070177","137.35940393425966"
"VIVO","0","VIVO","-12.982895486954737","20.9586945436002","11.86","0","0.29437391799368084","1","0.6519568884225082","33.941590030554934"
"VOYJF","0","VOYJF","-12.982895486954737","16.666666666666675","21","0","-0.3673139558358139","1","0.7349274438990965","29.64956215362141"
"VRSN","0","VRSN","-12.982895486954737","0.4261572373255085","205.02","1","0.8192596665870248","1","0.8848672078497577","13.409052724280246"
"VRTX","0","VRTX","-12.982895486954737","10.303345017092912","254.9","0","0.2383953135553081","1","0.7683076659621191","23.286240504047647"
"VTIQ","0","VTIQ","-12.982895486954737","25.703455878087","13","0","-0.2603286265357554","1","0.516393697338922","38.68635136504174"
"W","0","W","-12.982895486954737","28.71703267836503","122.5","1","0.6735393916263557","1","0.575263528891428","41.69992816531977"
"WCG","0","WCG","-12.982895486954737","35.01562680865842","349.92","1","0.6428140129405312","1","0.9311488741661901","47.99852229561316"
"WERN","0","WERN","-12.982895486954737","13.928273561301086","40.98","1","0.5208866461776956","1","0.5443377590878606","26.91116904825582"
"WING","0","WING","-12.982895486954737","30.366203397308624","118.19","1","0.5104536053836087","1","0.8571604142222657","43.34909888426336"
"WMT","0","WMT","-12.982895486954737","5.81955922865014","122.92","0","-0.09239021816865091","1","0.8972082124440045","18.802454715604878"
"WOLTF","0","WOLTF","-12.982895486954737","2.912895927601822","72.78","1","0.7011846261935173","1","0.915868390347213","15.895791414556559"
"WST","0","WST","-12.982895486954737","27.94765656295899","191.64","0","0.3711437790949249","1","0.8767185530883286","40.93055204991373"
"WWLNF","0","WWLNF","-12.982895486954737","49.90401567091085","61.2208","1","0.606567299255988","1","0.6211380912257386","62.88691115786559"
"WXXWY","0","WXXWY","-12.982895486954737","14.000000000000012","29.64","0","0.11305940299724607","1","0.5075957424317966","26.98289548695475"
"XNGSF","0","XNGSF","-12.982895486954737","11.397423191278499","11.24","0","0.2893171585528496","1","0.8092828591283676","24.380318678233238"
"XYIGY","0","XYIGY","-12.982895486954737","2.3523074160531454","22.8","1","0.8307772433666505","1","0.5739294757191294","15.335202903007882"
"YDVL","0","YDVL","-12.982895486954737","7.000000000000006","10700","0","-0.6399535382674046","1","0.8944714754971369","19.982895486954742"
"YUMSF","0","YUMSF","-12.982895486954737","14.215686274509821","11.65","0","0.3138003301161667","1","0.6823111567254329","27.19858176146456"
"ZAPNF","0","ZAPNF","-12.982895486954737","6.074313667405917","26.498","1","0.7661560795987453","1","0.6218156923298565","19.057209154360656"
"ZEAL","0","ZEAL","-12.982895486954737","1.6202996025680205","33.24","1","0.8331583932306791","1","0.5683482444653815","14.603195089522757"
"ZLAB","0","ZLAB","-12.982895486954737","52.88461538461537","60.42","0","0.143703965181201","1","0.5801180407057624","65.8675108715701"
"ZLDPF","0","ZLDPF","-12.982895486954737","31.550802139037447","24.6","1","0.7343964495889824","1","0.7184745990230083","44.53369762599218"
"ZLDSF","0","ZLDSF","-12.982895486954737","45.35032051282051","45.3493","1","0.8514817341940876","1","0.6682393363720055","58.33321599977525"
"ZOJIF","0","ZOJIF","-12.982895486954737","31.00436681222709","15","1","0.7211145947082602","1","0.7548436245835253","43.98726229918183"
"ZTO","0","ZTO","-12.982895486954737","21.931330472103006","28.41","0","-0.5238393817390736","1","0.7653170139279589","34.914225959057745"
"ZZE","0","ZZE","-12.982895486954737","7.931163486719051","115.4","0","0.06556092086718138","1","0.8698825362686404","20.91405897367379"
